,Name,sma_pfast,sma_pslow,Return,MaxDrawDown,TotalTrades#,winTrades#,LossTrades#,WinRatio,AverageWin$,AverageLoss$,LongestWinStreak,LongestLossStreak,AverageWinLossRatio,RankReturn,RankMaxDrawDown,RankWinRatio,RankAverageWinLossRatio,Score
0,SMACross,5,10,-0.4266,43.6326,130,39,91,0.3,179.6129,-115.139,2,14,-1.56,533.0,1.0,366.0,52.0,238.0
1,SMACross,5,11,-0.3949,39.7296,126,39,87,0.3095,167.4799,-112.58,3,7,-1.4877,531.0,10.0,323.0,42.0,226.5
2,SMACross,5,12,-0.3053,35.8093,111,34,77,0.3063,192.6618,-119.2406,3,12,-1.6157,519.0,70.0,338.0,67.0,248.5
3,SMACross,5,13,-0.3246,37.5877,103,34,68,0.3301,203.4041,-139.7284,3,11,-1.4557,523.0,36.0,219.0,30.0,202.0
4,SMACross,5,14,-0.3642,39.2423,98,29,68,0.2959,232.6117,-142.0268,2,9,-1.6378,527.0,13.0,387.0,74.0,250.25
5,SMACross,5,15,-0.3126,37.6267,86,27,58,0.314,256.0075,-162.9094,2,6,-1.5715,520.0,35.0,288.0,57.0,225.0
6,SMACross,5,16,-0.3126,42.3727,82,25,56,0.3049,281.3102,-170.3654,4,10,-1.6512,521.0,2.0,347.0,80.0,237.5
7,SMACross,5,17,-0.3003,41.0514,76,25,50,0.3289,259.5355,-177.8358,3,11,-1.4594,518.0,7.0,220.5,31.0,194.125
8,SMACross,5,18,-0.1519,35.5961,72,23,49,0.3194,275.539,-158.0946,3,11,-1.7429,457.0,74.0,260.5,111.0,225.625
9,SMACross,5,19,-0.159,35.4136,67,21,45,0.3134,324.6278,-179.5707,4,10,-1.8078,463.0,82.0,289.0,131.0,241.25
10,SMACross,5,20,-0.169,34.6235,67,22,44,0.3284,295.5359,-178.1731,4,9,-1.6587,474.0,106.0,222.0,82.0,221.0
11,SMACross,5,21,0.0658,23.093,63,21,41,0.3333,337.1857,-149.4019,3,9,-2.2569,164.0,398.0,204.0,338.0,276.0
12,SMACross,5,22,0.0043,26.7727,62,21,40,0.3387,308.4515,-154.3918,4,11,-1.9978,274.0,320.0,187.0,208.0,247.25
13,SMACross,5,23,0.0345,27.6161,59,20,39,0.339,322.0813,-156.1734,4,9,-2.0623,231.0,297.0,184.0,240.0,238.0
14,SMACross,5,24,0.0012,27.3862,57,18,39,0.3158,345.4318,-159.1306,4,10,-2.1707,281.0,301.0,277.0,296.0,288.75
15,SMACross,5,25,-0.0484,27.4188,53,16,36,0.3019,342.0385,-168.5395,2,10,-2.0294,353.0,300.0,359.0,222.0,308.5
16,SMACross,5,26,-0.169,35.4646,56,16,39,0.2857,336.0044,-180.5105,2,11,-1.8614,475.0,80.0,436.5,158.0,287.375
17,SMACross,5,27,-0.1666,36.215,54,17,37,0.3148,319.1416,-188.1001,2,11,-1.6967,469.0,57.0,283.0,95.0,226.0
18,SMACross,5,28,-0.1233,34.8807,52,17,35,0.3269,330.638,-193.7407,2,10,-1.7066,428.0,99.0,227.5,99.0,213.375
19,SMACross,5,29,-0.0955,34.73,50,15,35,0.3,378.3852,-188.1893,2,9,-2.0107,402.0,104.0,366.0,217.0,272.25
20,SMACross,5,30,-0.0879,34.0675,52,14,37,0.2692,381.8423,-170.4111,2,9,-2.2407,393.0,122.0,485.0,332.0,333.0
21,SMACross,5,31,-0.0753,32.6385,51,14,36,0.2745,374.9915,-169.299,2,9,-2.215,384.0,170.0,470.0,316.0,335.0
22,SMACross,5,32,-0.0573,33.3563,50,14,35,0.28,380.7758,-171.691,2,10,-2.2178,365.0,148.0,455.5,319.0,321.875
23,SMACross,5,33,-0.0008,30.1589,48,15,32,0.3125,372.8708,-177.7797,4,9,-2.0974,288.0,231.0,299.5,264.0,270.625
24,SMACross,5,34,0.0042,30.0486,48,14,33,0.2917,390.1265,-166.9316,2,10,-2.337,275.0,235.0,409.0,387.0,326.5
25,SMACross,5,35,-0.0879,32.8079,49,15,33,0.3061,336.6106,-180.9659,4,10,-1.8601,394.0,165.0,341.0,157.0,264.25
26,SMACross,5,36,-0.0249,31.3591,48,13,34,0.2708,435.1425,-176.1421,2,9,-2.4704,321.0,202.0,476.5,442.0,360.375
27,SMACross,5,37,-0.031,32.6084,47,13,33,0.2766,440.0561,-185.2,2,9,-2.3761,331.0,172.0,465.0,409.0,344.25
28,SMACross,5,38,-0.0471,32.9527,45,14,30,0.3111,408.1417,-208.5957,3,9,-1.9566,351.0,159.0,313.0,190.0,253.25
29,SMACross,5,39,-0.0291,31.5465,45,12,32,0.2667,457.5685,-183.2333,3,10,-2.4972,328.0,198.0,489.0,449.0,366.0
30,SMACross,5,40,-0.0455,33.5855,45,12,32,0.2667,466.3516,-191.4209,3,10,-2.4363,347.0,139.0,489.0,431.0,351.5
31,SMACross,5,41,-0.0315,33.9866,42,12,29,0.2857,477.695,-211.303,3,8,-2.2607,332.0,124.0,436.5,343.0,308.875
32,SMACross,5,42,-0.0197,33.882,45,14,30,0.3111,410.9569,-201.1787,4,9,-2.0427,312.0,126.0,313.0,230.0,245.25
33,SMACross,5,43,-0.0602,35.1129,44,12,31,0.2727,466.9107,-202.2785,2,9,-2.3083,368.0,91.0,473.0,371.0,325.75
34,SMACross,5,44,-0.0317,31.557,44,12,31,0.2727,474.2927,-196.4373,2,9,-2.4145,334.0,197.0,473.0,425.0,357.25
35,SMACross,5,45,-0.0001,30.7196,42,11,30,0.2619,520.8772,-193.9773,2,10,-2.6852,285.0,220.0,502.0,493.0,375.0
36,SMACross,5,46,-0.0204,33.2628,40,11,28,0.275,527.3244,-217.4487,2,9,-2.4251,313.0,152.0,468.0,427.0,340.0
37,SMACross,5,47,-0.0099,32.4165,39,11,27,0.2821,523.6258,-220.203,2,8,-2.3779,300.0,175.0,446.5,412.0,333.375
38,SMACross,5,48,-0.0329,33.7394,40,11,28,0.275,524.0979,-220.5163,2,8,-2.3767,335.0,132.0,468.0,410.0,336.25
39,SMACross,5,49,-0.0004,30.6479,38,11,26,0.2895,499.9389,-215.0779,2,6,-2.3245,286.0,223.0,423.5,381.0,328.375
40,SMACross,5,50,0.0386,31.2975,37,11,25,0.2973,498.8427,-207.438,2,6,-2.4048,223.0,204.0,378.5,422.0,306.875
41,SMACross,6,11,-0.3172,37.3807,124,42,81,0.3387,169.9229,-119.4869,2,6,-1.4221,522.0,40.0,187.0,27.0,194.0
42,SMACross,6,12,-0.3,34.9164,108,37,70,0.3426,186.7178,-132.9999,3,9,-1.4039,517.0,96.0,167.0,26.0,201.5
43,SMACross,6,13,-0.3314,36.3699,98,34,63,0.3469,205.2597,-152.6038,3,11,-1.345,524.0,55.0,150.5,21.0,187.625
44,SMACross,6,14,-0.403,41.1598,97,30,66,0.3093,217.4128,-146.627,4,12,-1.4828,532.0,6.0,326.0,40.0,226.0
45,SMACross,6,15,-0.3662,37.8235,90,28,61,0.3111,250.2283,-162.3692,3,9,-1.5411,528.0,31.0,313.0,47.0,229.75
46,SMACross,6,16,-0.2974,40.7136,73,25,47,0.3425,279.2912,-199.4632,3,9,-1.4002,513.0,9.0,168.0,24.0,178.5
47,SMACross,6,17,-0.2983,36.9399,75,22,52,0.2933,301.7581,-173.591,3,10,-1.7383,514.0,46.0,404.0,110.0,268.5
48,SMACross,6,18,-0.1984,34.4743,71,23,47,0.3239,288.4732,-174.9384,3,10,-1.649,496.0,110.0,241.0,78.0,231.25
49,SMACross,6,19,-0.144,32.8197,67,23,43,0.3433,276.6691,-174.2999,5,7,-1.5873,447.0,164.0,164.0,63.0,209.5
50,SMACross,6,20,0.0144,22.1866,62,21,40,0.3387,308.0776,-151.9778,3,6,-2.0271,259.0,414.0,187.0,220.0,270.0
51,SMACross,6,21,0.0467,21.2859,58,19,38,0.3276,341.0802,-150.8688,3,8,-2.2608,204.0,430.0,223.5,344.0,300.375
52,SMACross,6,22,0.0215,22.1687,55,19,35,0.3455,319.8591,-159.8803,4,8,-2.0006,244.0,415.0,156.5,211.0,256.625
53,SMACross,6,23,0.0131,21.4441,55,19,35,0.3455,320.7265,-162.8549,4,8,-1.9694,260.0,426.0,156.5,195.0,259.375
54,SMACross,6,24,0.0109,21.21,55,16,38,0.2909,371.4641,-147.0776,3,10,-2.5256,264.0,431.0,411.0,455.0,390.25
55,SMACross,6,25,-0.0741,29.1325,52,17,34,0.3269,345.5645,-187.1634,3,10,-1.8463,379.0,255.0,227.5,149.0,252.625
56,SMACross,6,26,-0.0288,25.944,49,17,31,0.3469,337.6199,-198.3292,3,6,-1.7023,327.0,335.0,150.5,97.0,227.375
57,SMACross,6,27,0.0153,24.7302,49,17,31,0.3469,353.2258,-191.6304,3,6,-1.8433,258.0,365.0,150.5,145.0,229.625
58,SMACross,6,28,-0.1277,35.1446,50,18,32,0.36,327.8028,-221.8412,3,7,-1.4776,431.0,90.0,113.5,39.0,168.375
59,SMACross,6,29,-0.0523,31.0011,49,15,33,0.3061,407.9956,-203.4377,2,6,-2.0055,359.0,213.0,341.0,214.0,281.75
60,SMACross,6,30,0.0103,28.3328,48,15,32,0.3125,396.884,-185.6048,2,6,-2.1383,266.0,279.0,299.5,286.0,282.625
61,SMACross,6,31,0.0194,27.427,49,15,33,0.3061,395.6722,-176.6561,2,6,-2.2398,247.0,299.0,341.0,331.0,304.5
62,SMACross,6,32,0.0117,30.7716,50,14,35,0.28,429.424,-170.9706,2,6,-2.5117,262.0,216.0,455.5,453.0,346.625
63,SMACross,6,33,-0.0072,31.8976,47,14,32,0.2979,408.5493,-183.7339,2,6,-2.2236,299.0,188.0,371.5,323.0,295.375
64,SMACross,6,34,0.0464,28.3768,49,15,33,0.3061,396.021,-168.432,2,7,-2.3512,205.0,277.0,341.0,398.0,305.25
65,SMACross,6,35,0.0436,29.8385,49,15,33,0.3061,411.3503,-176.2735,2,7,-2.3336,214.0,243.0,341.0,386.0,296.0
66,SMACross,6,36,0.0411,27.1147,48,14,33,0.2917,426.1594,-170.8625,3,6,-2.4942,219.0,308.0,409.0,448.0,346.0
67,SMACross,6,37,0.0448,26.9278,46,15,30,0.3261,400.6413,-188.1311,3,6,-2.1296,211.0,316.0,230.5,282.0,259.875
68,SMACross,6,38,0.0449,27.6187,45,14,30,0.3111,421.3045,-184.3799,3,8,-2.285,210.0,296.0,313.0,360.0,294.75
69,SMACross,6,39,0.0326,27.8724,43,13,29,0.3023,436.3339,-187.309,3,8,-2.3295,234.0,290.0,356.5,383.0,315.875
70,SMACross,6,40,0.0181,29.91,44,13,30,0.2955,442.4661,-188.6405,3,9,-2.3456,251.0,240.0,389.5,395.0,318.875
71,SMACross,6,41,0.0233,30.7128,41,13,27,0.3171,440.0091,-206.4759,3,7,-2.131,242.0,221.0,268.5,283.0,253.625
72,SMACross,6,42,0.0055,31.055,41,12,28,0.2927,468.7741,-200.4931,2,6,-2.3381,271.0,210.0,406.0,390.0,319.25
73,SMACross,6,43,-0.0174,31.4694,40,12,27,0.3,463.6212,-214.0062,2,7,-2.1664,308.0,199.0,366.0,294.0,291.75
74,SMACross,6,44,-0.0341,32.9803,37,11,25,0.2973,502.7767,-236.3157,2,8,-2.1276,336.0,158.0,378.5,280.0,288.125
75,SMACross,6,45,-0.0476,32.7405,37,11,25,0.2973,503.485,-241.7662,2,7,-2.0825,352.0,167.0,378.5,254.0,287.875
76,SMACross,6,46,-0.0457,32.6005,39,11,27,0.2821,509.5223,-225.6491,2,8,-2.258,348.0,173.0,446.5,341.0,327.125
77,SMACross,6,47,-0.0231,31.2914,36,11,24,0.3056,517.6733,-248.5469,2,7,-2.0828,317.0,205.0,345.5,255.0,280.625
78,SMACross,6,48,-0.0028,29.4224,37,11,25,0.2973,524.5844,-233.682,2,7,-2.2449,293.0,248.0,378.5,333.0,313.125
79,SMACross,6,49,0.0587,30.0118,35,10,24,0.2857,606.1914,-229.3274,2,6,-2.6433,178.0,237.0,436.5,484.0,333.875
80,SMACross,6,50,0.0876,28.8277,35,10,24,0.2857,615.4937,-220.2854,3,8,-2.7941,125.0,263.0,436.5,507.0,332.875
81,SMACross,7,12,-0.3431,35.4794,111,39,71,0.3514,166.4684,-129.7731,4,14,-1.2828,525.0,78.0,136.0,9.0,187.0
82,SMACross,7,13,-0.4421,42.2075,101,36,64,0.3564,177.9793,-153.3576,3,10,-1.1606,535.0,3.0,124.0,4.0,166.5
83,SMACross,7,14,-0.4644,41.66,91,31,59,0.3407,202.0868,-166.4043,4,9,-1.2144,536.0,4.0,178.0,6.0,181.0
84,SMACross,7,15,-0.3931,40.8907,85,26,58,0.3059,253.9134,-166.8736,3,11,-1.5216,530.0,8.0,344.0,46.0,232.0
85,SMACross,7,16,-0.2997,36.1128,78,22,55,0.2821,331.5713,-176.2461,3,9,-1.8813,516.0,62.0,446.5,163.0,296.875
86,SMACross,7,17,-0.2183,30.4539,73,22,50,0.3014,311.5827,-172.1824,3,8,-1.8096,507.0,228.0,361.0,133.0,307.25
87,SMACross,7,18,-0.1595,26.0819,69,24,44,0.3478,282.4717,-182.5891,3,7,-1.547,464.0,331.0,146.5,48.0,247.375
88,SMACross,7,19,-0.0144,22.8959,64,22,41,0.3438,292.1125,-154.0398,4,7,-1.8963,305.0,403.0,161.5,168.0,259.375
89,SMACross,7,20,0.0309,20.9336,59,20,38,0.339,323.2549,-154.8849,3,6,-2.0871,237.0,436.0,184.0,258.0,278.75
90,SMACross,7,21,0.0682,21.3541,57,20,36,0.3509,329.2509,-155.6696,3,6,-2.1151,159.0,429.0,138.0,274.0,250.0
91,SMACross,7,22,0.103,20.7432,53,20,32,0.3774,323.6324,-159.3862,4,5,-2.0305,94.0,437.0,64.0,224.0,204.75
92,SMACross,7,23,0.0742,20.6462,53,19,33,0.3585,337.784,-162.6996,3,5,-2.0761,149.0,439.0,117.5,247.0,238.125
93,SMACross,7,24,0.0573,20.0661,53,18,34,0.3396,344.7284,-156.883,3,5,-2.1974,182.0,449.0,182.0,310.0,280.75
94,SMACross,7,25,0.0797,19.6923,50,17,32,0.34,371.6359,-162.7973,3,5,-2.2828,140.0,459.0,180.5,359.0,284.625
95,SMACross,7,26,0.0731,18.3717,50,15,34,0.3,405.3128,-159.2955,3,6,-2.5444,152.0,490.0,366.0,459.0,366.75
96,SMACross,7,27,0.078,19.99,48,15,32,0.3125,411.1004,-170.322,3,6,-2.4137,142.0,451.0,299.5,424.0,329.125
97,SMACross,7,28,0.1342,18.2327,47,16,30,0.3404,413.8826,-176.2391,2,5,-2.3484,69.0,491.0,179.0,397.0,284.0
98,SMACross,7,29,0.0189,28.8219,48,14,33,0.2917,461.6634,-192.7919,2,6,-2.3946,248.0,264.0,409.0,419.0,335.0
99,SMACross,7,30,0.0509,29.237,47,14,32,0.2979,457.5255,-186.7639,2,6,-2.4498,192.0,252.0,371.5,438.0,313.375
100,SMACross,7,31,0.0217,29.9162,48,13,34,0.2708,464.0822,-173.6551,2,7,-2.6724,243.0,239.0,476.5,492.0,362.625
101,SMACross,7,32,0.0239,28.7167,49,13,35,0.2653,458.9177,-166.1231,2,7,-2.7625,241.0,268.0,491.5,503.0,375.875
102,SMACross,7,33,-0.0046,30.6347,49,13,35,0.2653,430.6601,-162.5118,3,10,-2.65,295.0,224.0,491.5,487.0,374.375
103,SMACross,7,34,0.021,29.1159,45,13,31,0.2889,439.1086,-178.7379,3,7,-2.4567,245.0,256.0,427.0,439.0,341.75
104,SMACross,7,35,0.0245,28.6678,45,13,31,0.2889,439.9598,-177.9224,3,7,-2.4728,240.0,269.0,427.0,444.0,345.0
105,SMACross,7,36,0.0367,27.7118,44,14,29,0.3182,409.5115,-186.3696,4,7,-2.1973,228.0,294.0,264.5,309.0,273.875
106,SMACross,7,37,0.0606,27.077,43,14,28,0.3256,414.7405,-186.6944,4,8,-2.2215,173.0,310.0,233.0,320.0,259.0
107,SMACross,7,38,0.0557,28.2459,42,14,27,0.3333,422.2337,-199.4192,4,5,-2.1173,189.0,283.0,204.0,275.0,237.75
108,SMACross,7,39,0.0126,29.7302,41,13,27,0.3171,438.9521,-208.2947,3,5,-2.1074,261.0,245.0,268.5,269.0,260.875
109,SMACross,7,40,0.0363,28.767,39,13,25,0.3333,445.4382,-218.6537,3,5,-2.0372,229.0,265.0,204.0,228.0,231.5
110,SMACross,7,41,0.02,30.4381,39,12,26,0.3077,493.0844,-221.4929,2,5,-2.2262,246.0,229.0,332.0,326.0,283.25
111,SMACross,7,42,0.0032,31.3556,35,10,24,0.2857,576.758,-240.7859,2,5,-2.3953,277.0,203.0,436.5,420.0,334.125
112,SMACross,7,43,0.0017,31.269,37,11,25,0.2973,541.45,-239.3024,2,6,-2.2626,280.0,207.0,378.5,345.0,302.625
113,SMACross,7,44,0.0454,31.2699,35,11,23,0.3143,575.5204,-257.0081,3,6,-2.2393,208.0,206.0,285.5,330.0,257.375
114,SMACross,7,45,-0.0274,33.475,35,11,23,0.3143,536.521,-270.1739,3,7,-1.9858,324.0,144.0,285.5,205.0,239.625
115,SMACross,7,46,0.0023,33.7149,35,11,23,0.3143,567.5665,-272.3405,3,7,-2.084,279.0,134.0,285.5,256.0,238.625
116,SMACross,7,47,0.0766,28.5942,33,11,21,0.3333,568.9709,-262.3694,3,6,-2.1686,145.0,272.0,204.0,295.0,229.0
117,SMACross,7,48,0.0494,28.2977,34,10,23,0.2941,599.1505,-240.4703,3,7,-2.4916,197.0,280.0,398.0,446.0,330.25
118,SMACross,7,49,0.0572,28.9347,34,11,22,0.3235,534.6311,-242.6229,3,6,-2.2035,183.0,259.0,242.5,314.0,249.625
119,SMACross,7,50,0.0379,31.0307,33,11,21,0.3333,521.0876,-256.6865,3,6,-2.0301,224.0,211.0,204.0,223.0,215.5
120,SMACross,8,13,-0.4368,41.6598,104,30,73,0.2885,210.573,-132.7248,3,11,-1.5865,534.0,5.0,429.0,62.0,257.5
121,SMACross,8,14,-0.3895,38.7321,95,30,64,0.3158,225.1631,-153.2119,4,11,-1.4696,529.0,21.0,277.0,34.0,215.25
122,SMACross,8,15,-0.2995,39.1167,87,27,59,0.3103,265.1296,-161.9376,4,9,-1.6372,515.0,15.0,318.5,73.0,230.375
123,SMACross,8,16,-0.2253,34.3847,83,26,56,0.3133,276.4136,-160.6699,4,10,-1.7204,508.0,113.0,290.0,104.0,253.75
124,SMACross,8,17,-0.1302,29.8499,73,27,45,0.3699,250.0568,-172.1143,4,6,-1.4529,434.0,242.0,90.5,29.0,198.875
125,SMACross,8,18,-0.0528,25.4001,68,24,43,0.3529,282.933,-164.1689,4,7,-1.7234,361.0,347.0,131.5,106.0,236.375
126,SMACross,8,19,0.0689,19.3772,62,22,39,0.3548,319.3623,-154.7501,3,7,-2.0637,157.0,464.0,128.0,241.0,247.5
127,SMACross,8,20,0.0683,18.9298,57,23,33,0.4035,305.6106,-183.1706,3,6,-1.6684,158.0,470.0,28.0,86.0,185.5
128,SMACross,8,21,0.0872,19.7527,54,20,33,0.3704,345.8909,-173.4699,3,5,-1.994,128.0,458.0,87.0,207.0,220.0
129,SMACross,8,22,0.0313,20.6087,53,21,31,0.3962,297.7589,-182.8404,3,5,-1.6285,236.0,440.0,35.0,71.0,195.5
130,SMACross,8,23,0.0839,19.7925,51,21,29,0.4118,317.5252,-190.0526,3,5,-1.6707,133.0,457.0,19.5,88.0,174.375
131,SMACross,8,24,0.1908,17.3264,51,19,31,0.3725,388.1751,-159.7547,2,5,-2.4298,27.0,504.0,79.0,429.0,259.75
132,SMACross,8,25,0.1719,15.6756,49,17,31,0.3469,409.662,-154.2253,2,4,-2.6563,37.0,520.0,150.5,489.0,299.125
133,SMACross,8,26,0.0853,19.5332,50,16,33,0.32,413.7688,-165.1497,2,4,-2.5054,131.0,460.0,259.0,452.0,325.5
134,SMACross,8,27,0.103,17.3736,48,16,32,0.3333,384.9748,-158.5988,2,6,-2.4273,95.0,503.0,204.0,428.0,307.5
135,SMACross,8,28,0.1344,18.7619,45,16,29,0.3556,398.0654,-170.0247,3,5,-2.3412,68.0,475.0,125.0,393.0,265.25
136,SMACross,8,29,0.1296,18.4062,45,14,30,0.3111,453.0339,-166.9283,2,5,-2.7139,71.0,489.0,313.0,497.0,342.5
137,SMACross,8,30,0.1739,19.3383,44,15,28,0.3409,423.2579,-160.7411,3,6,-2.6332,35.0,466.0,176.0,479.0,289.0
138,SMACross,8,31,0.1658,20.2476,43,15,27,0.3488,393.7242,-153.8319,3,6,-2.5594,46.0,447.0,143.0,461.0,274.25
139,SMACross,8,32,0.0458,28.6173,44,16,27,0.3636,359.0297,-197.102,3,6,-1.8215,207.0,270.0,106.5,137.0,180.125
140,SMACross,8,33,0.062,28.251,43,15,27,0.3488,393.1941,-196.4507,4,7,-2.0015,171.0,282.0,143.0,212.0,202.0
141,SMACross,8,34,0.0464,28.5711,42,16,25,0.381,365.421,-216.7044,4,7,-1.6863,206.0,274.0,55.5,91.0,156.625
142,SMACross,8,35,0.0567,28.8963,41,15,25,0.3659,397.6325,-217.0977,4,6,-1.8316,186.0,260.0,103.0,142.0,172.75
143,SMACross,8,36,0.0164,29.1961,43,15,27,0.3488,375.8658,-204.3228,4,6,-1.8396,254.0,254.0,143.0,144.0,198.75
144,SMACross,8,37,-0.0107,30.8282,40,15,24,0.375,369.3365,-237.0682,4,5,-1.5579,301.0,215.0,70.5,51.0,159.375
145,SMACross,8,38,0.0167,31.0174,42,15,26,0.3571,404.6648,-228.6965,3,6,-1.7694,253.0,212.0,121.0,114.0,175.0
146,SMACross,8,39,-0.0315,31.3677,39,11,27,0.2821,487.5457,-212.8999,2,6,-2.29,333.0,201.0,446.5,363.0,335.875
147,SMACross,8,40,-0.0586,32.8399,37,10,26,0.2703,506.2366,-218.153,2,7,-2.3206,367.0,163.0,481.0,377.0,347.0
148,SMACross,8,41,-0.0229,31.966,35,10,24,0.2857,525.6125,-231.6013,2,7,-2.2695,316.0,186.0,436.5,349.0,321.875
149,SMACross,8,42,0.0091,31.684,34,10,23,0.2941,581.2015,-252.1406,2,6,-2.3051,269.0,193.0,398.0,369.0,307.25
150,SMACross,8,43,0.0272,30.8556,34,10,23,0.2941,586.9073,-246.6544,2,6,-2.3795,238.0,214.0,398.0,414.0,316.0
151,SMACross,8,44,0.045,30.5072,33,10,22,0.303,586.4992,-249.3526,2,6,-2.3521,209.0,226.0,351.0,400.0,296.5
152,SMACross,8,45,0.048,29.2121,32,11,20,0.3438,525.4875,-268.5037,3,6,-1.9571,200.0,253.0,161.5,191.0,201.375
153,SMACross,8,46,-0.0115,33.7379,35,10,24,0.2857,568.582,-244.8873,3,9,-2.3218,303.0,133.0,436.5,379.0,312.875
154,SMACross,8,47,0.0429,29.0945,34,11,22,0.3235,509.0249,-238.2593,3,8,-2.1364,217.0,257.0,242.5,285.0,250.375
155,SMACross,8,48,0.0441,29.2906,32,10,21,0.3125,557.4322,-247.8208,3,7,-2.2493,213.0,250.0,299.5,335.0,274.375
156,SMACross,8,49,0.0099,30.072,32,10,21,0.3125,538.1582,-255.2536,3,7,-2.1083,267.0,234.0,299.5,271.0,267.875
157,SMACross,8,50,0.0001,30.7093,31,10,20,0.3226,514.5249,-261.0744,3,7,-1.9708,283.0,222.0,250.0,197.0,238.0
158,SMACross,9,14,-0.3473,36.7577,97,27,69,0.2784,244.1658,-135.3459,4,12,-1.804,526.0,49.0,457.0,129.0,290.25
159,SMACross,9,15,-0.2534,37.2074,89,33,55,0.3708,220.0409,-168.9769,4,7,-1.3022,512.0,45.0,84.0,12.0,163.25
160,SMACross,9,16,-0.1829,33.3905,81,30,50,0.3704,256.6169,-182.9882,3,6,-1.4024,488.0,145.0,87.0,25.0,186.25
161,SMACross,9,17,-0.0752,29.028,76,31,44,0.4079,232.1023,-174.3941,3,6,-1.3309,381.0,258.0,24.0,20.0,170.75
162,SMACross,9,18,0.0468,20.3654,65,28,36,0.4308,254.2474,-176.7011,3,4,-1.4389,203.0,445.0,7.0,28.0,170.75
163,SMACross,9,19,0.081,19.29,61,22,38,0.3607,329.9622,-161.2495,3,6,-2.0463,137.0,467.0,112.0,233.0,237.25
164,SMACross,9,20,0.0731,20.5892,58,19,38,0.3276,394.4389,-169.7403,2,6,-2.3238,151.0,441.0,223.5,380.0,298.875
165,SMACross,9,21,0.0559,21.7194,56,18,37,0.3214,361.0355,-152.5044,2,7,-2.3674,187.0,422.0,257.0,405.0,317.75
166,SMACross,9,22,0.0723,19.392,55,18,36,0.3273,367.3008,-154.914,2,6,-2.371,153.0,462.0,225.0,407.0,311.75
167,SMACross,9,23,0.1697,15.0148,49,17,31,0.3469,408.3926,-154.174,2,6,-2.6489,41.0,524.0,150.5,486.0,300.375
168,SMACross,9,24,0.1847,15.581,50,19,30,0.38,368.4159,-155.0717,2,6,-2.3758,28.0,522.0,58.5,408.0,254.125
169,SMACross,9,25,0.2045,15.0148,48,18,29,0.375,381.2301,-147.1478,2,5,-2.5908,22.0,525.0,70.5,469.0,271.625
170,SMACross,9,26,0.1663,16.7052,49,18,30,0.3673,353.4076,-141.3109,2,5,-2.5009,45.0,514.0,96.0,450.0,276.25
171,SMACross,9,27,0.1211,18.9432,46,17,28,0.3696,351.0406,-168.908,2,4,-2.0783,75.0,469.0,92.0,248.0,221.0
172,SMACross,9,28,0.1697,19.8178,43,17,26,0.3953,397.8822,-189.0139,3,4,-2.105,40.0,454.0,37.0,266.0,199.25
173,SMACross,9,29,0.1105,21.1947,42,15,26,0.3571,376.3839,-174.0898,3,4,-2.162,86.0,432.0,121.0,292.0,232.75
174,SMACross,9,30,0.1092,22.8156,42,15,26,0.3571,362.0673,-166.3541,3,7,-2.1765,88.0,405.0,121.0,301.0,228.75
175,SMACross,9,31,0.1626,21.5929,41,15,25,0.3659,388.9288,-164.7515,4,7,-2.3607,49.0,424.0,103.0,404.0,245.0
176,SMACross,9,32,0.1412,23.4388,42,15,26,0.3571,389.2847,-169.7063,4,8,-2.2939,62.0,389.0,121.0,364.0,234.0
177,SMACross,9,33,-0.0237,33.5583,42,13,28,0.3095,412.1677,-202.4414,3,8,-2.036,318.0,141.0,323.0,226.0,252.0
178,SMACross,9,34,-0.028,32.14,41,13,27,0.3171,406.2619,-208.645,3,7,-1.9471,326.0,182.0,268.5,183.0,239.875
179,SMACross,9,35,-0.0369,33.6303,41,12,28,0.2927,454.9019,-210.5695,2,7,-2.1603,339.0,135.0,406.0,291.0,292.75
180,SMACross,9,36,-0.0144,33.2133,38,12,25,0.3158,466.9817,-232.9411,2,6,-2.0047,306.0,153.0,277.0,213.0,237.25
181,SMACross,9,37,-0.0388,33.5989,40,12,27,0.3,460.9501,-221.7197,2,6,-2.079,343.0,138.0,366.0,249.0,274.0
182,SMACross,9,38,-0.0384,34.524,37,12,24,0.3243,458.7629,-248.1922,2,6,-1.8484,341.0,108.0,239.5,150.0,209.625
183,SMACross,9,39,-0.0752,35.5218,37,11,25,0.2973,487.3294,-246.2951,2,7,-1.9786,383.0,76.0,378.5,204.0,260.375
184,SMACross,9,40,-0.0512,33.7584,36,10,25,0.2778,519.0522,-230.5469,2,7,-2.2514,356.0,131.0,461.0,336.0,321.0
185,SMACross,9,41,-0.0226,33.5199,35,10,24,0.2857,549.7415,-241.5391,2,7,-2.276,315.0,142.0,436.5,354.0,311.875
186,SMACross,9,42,-0.0438,34.538,35,10,24,0.2857,534.6737,-243.7513,2,6,-2.1935,346.0,107.0,436.5,307.0,299.125
187,SMACross,9,43,-0.018,32.476,34,10,23,0.2941,537.3357,-244.7148,2,6,-2.1958,309.0,174.0,398.0,308.0,297.25
188,SMACross,9,44,0.0186,31.6831,32,10,21,0.3125,550.6128,-257.0101,2,5,-2.1424,249.0,194.0,299.5,287.0,257.375
189,SMACross,9,45,-0.0006,32.1481,32,11,20,0.3438,497.0374,-277.5379,3,5,-1.7909,287.0,181.0,161.5,125.0,188.625
190,SMACross,9,46,-0.0259,33.6152,32,10,21,0.3125,529.1304,-267.7639,3,6,-1.9761,322.0,136.0,299.5,199.0,239.125
191,SMACross,9,47,-0.0042,32.4109,33,11,21,0.3333,500.0064,-265.5009,3,7,-1.8833,294.0,176.0,204.0,164.0,209.5
192,SMACross,9,48,-0.0275,32.9266,33,10,22,0.303,535.3051,-257.1182,3,7,-2.0819,325.0,160.0,351.0,253.0,272.25
193,SMACross,9,49,0.0551,27.0253,33,10,22,0.303,530.2436,-216.9075,3,7,-2.4446,191.0,311.0,351.0,436.0,322.25
194,SMACross,9,50,0.0104,30.7537,31,12,18,0.3871,438.7568,-288.5743,3,4,-1.5204,265.0,218.0,45.5,45.0,143.375
195,SMACross,10,15,-0.0998,34.3245,92,35,56,0.3804,235.0503,-160.2124,3,7,-1.4671,406.0,114.0,57.0,32.0,152.25
196,SMACross,10,16,-0.0617,29.2569,84,35,48,0.4167,240.0545,-183.0706,3,6,-1.3113,371.0,251.0,15.5,16.0,163.375
197,SMACross,10,17,0.0049,25.5598,81,36,44,0.4444,213.8115,-167.763,4,6,-1.2745,272.0,341.0,2.0,8.0,155.75
198,SMACross,10,18,0.0981,21.0958,71,25,45,0.3521,330.0399,-153.9474,3,6,-2.1438,104.0,434.0,133.0,288.0,239.75
199,SMACross,10,19,0.0942,23.8522,59,20,38,0.339,390.3794,-171.7892,2,6,-2.2724,111.0,382.0,184.0,351.0,257.0
200,SMACross,10,20,0.0001,25.3448,61,19,41,0.3115,379.8889,-170.497,2,6,-2.2281,284.0,348.0,310.0,327.0,317.25
201,SMACross,10,21,0.0718,17.4156,57,18,38,0.3158,406.3039,-166.4794,2,5,-2.4406,154.0,502.0,277.0,434.0,341.75
202,SMACross,10,22,0.0504,19.8031,54,16,37,0.2963,395.8283,-150.7721,2,6,-2.6253,195.0,456.0,386.0,477.0,378.5
203,SMACross,10,23,0.0834,18.8647,53,19,33,0.3585,345.2349,-164.9653,2,5,-2.0928,134.0,472.0,117.5,261.0,246.125
204,SMACross,10,24,0.1254,18.8647,50,19,30,0.38,348.4759,-167.6153,2,5,-2.079,72.0,474.0,58.5,250.0,213.625
205,SMACross,10,25,0.1208,18.8647,48,18,29,0.375,347.8834,-162.8554,2,5,-2.1361,77.0,473.0,70.5,284.0,226.125
206,SMACross,10,26,0.1654,18.8647,47,18,28,0.383,368.9249,-163.4009,2,5,-2.2578,47.0,471.0,52.5,340.0,227.625
207,SMACross,10,27,0.1688,20.4795,47,15,31,0.3191,457.8759,-155.5339,2,5,-2.9439,43.0,443.0,262.0,521.0,317.25
208,SMACross,10,28,0.0442,26.3183,43,13,29,0.3023,418.4068,-174.7921,3,7,-2.3937,212.0,325.0,356.5,418.0,327.875
209,SMACross,10,29,0.0884,25.7939,43,13,29,0.3023,443.3523,-169.8125,3,7,-2.6108,123.0,338.0,356.5,472.0,322.375
210,SMACross,10,30,0.0779,27.6693,41,13,27,0.3171,439.5762,-184.7643,3,7,-2.3791,143.0,295.0,268.5,413.0,279.875
211,SMACross,10,31,0.096,24.7514,42,13,28,0.3095,439.935,-171.3279,3,7,-2.5678,109.0,363.0,323.0,463.0,314.5
212,SMACross,10,32,0.0735,25.6875,43,14,28,0.3256,409.8621,-180.6596,3,6,-2.2687,150.0,339.0,233.0,348.0,267.5
213,SMACross,10,33,0.0981,25.3079,41,13,27,0.3171,454.8878,-184.0152,2,6,-2.472,103.0,350.0,268.5,443.0,291.125
214,SMACross,10,34,0.0493,26.5327,39,12,26,0.3077,474.1987,-202.5561,2,6,-2.3411,198.0,323.0,332.0,392.0,311.25
215,SMACross,10,35,0.026,28.1701,39,12,26,0.3077,477.1986,-213.167,2,6,-2.2386,239.0,284.0,332.0,329.0,296.0
216,SMACross,10,36,0.0469,27.7313,39,12,26,0.3077,490.2225,-209.1262,2,6,-2.3441,202.0,293.0,332.0,394.0,305.25
217,SMACross,10,37,0.0379,27.5313,39,12,26,0.3077,489.8521,-212.5698,2,6,-2.3044,225.0,298.0,332.0,368.0,305.75
218,SMACross,10,38,-0.0633,36.0391,39,12,26,0.3077,484.1023,-248.2205,2,6,-1.9503,372.0,65.0,332.0,185.0,238.5
219,SMACross,10,39,-0.0431,35.4737,35,11,23,0.3143,516.1784,-266.6186,2,6,-1.936,344.0,79.0,285.5,178.0,221.625
220,SMACross,10,40,-0.0461,35.6517,36,10,25,0.2778,555.2803,-241.403,2,8,-2.3002,350.0,73.0,461.0,366.0,312.5
221,SMACross,10,41,-0.0795,37.8992,36,10,25,0.2778,547.3116,-250.719,2,7,-2.183,387.0,29.0,461.0,302.0,294.75
222,SMACross,10,42,-0.0611,36.1872,34,10,23,0.2941,546.8044,-264.9013,2,5,-2.0642,370.0,59.0,398.0,243.0,267.5
223,SMACross,10,43,-0.0379,34.4666,32,10,21,0.3125,550.184,-281.2596,2,5,-1.9561,340.0,111.0,299.5,189.0,234.875
224,SMACross,10,44,-0.0508,34.5228,32,10,21,0.3125,521.2947,-273.3566,2,5,-1.907,355.0,109.0,299.5,172.0,233.875
225,SMACross,10,45,-0.0734,34.1107,34,10,23,0.2941,492.1811,-246.1287,2,5,-1.9997,378.0,120.0,398.0,210.0,276.5
226,SMACross,10,46,-0.1112,36.3247,31,10,20,0.3226,471.981,-290.1137,3,5,-1.6269,415.0,56.0,250.0,70.0,197.75
227,SMACross,10,47,-0.1177,36.3831,34,10,23,0.2941,474.7842,-256.0229,3,7,-1.8545,423.0,54.0,398.0,155.0,257.5
228,SMACross,10,48,0.0826,27.1242,32,12,19,0.375,443.2234,-236.5291,3,5,-1.8739,136.0,307.0,70.5,161.0,168.625
229,SMACross,10,49,0.0988,26.9553,32,13,18,0.4062,435.3866,-258.8343,3,4,-1.6821,100.0,315.0,25.0,90.0,132.5
230,SMACross,10,50,0.0635,27.0238,32,12,19,0.375,437.0044,-243.3749,3,4,-1.7956,166.0,312.0,70.5,127.0,168.875
231,SMACross,11,16,0.0558,27.2813,90,38,51,0.4222,231.375,-156.8157,7,8,-1.4755,188.0,304.0,10.0,37.0,134.75
232,SMACross,11,17,0.0697,22.1021,81,27,53,0.3333,300.1329,-135.054,3,8,-2.2223,155.0,418.0,204.0,322.0,274.75
233,SMACross,11,18,0.1489,20.4517,73,27,46,0.3699,310.5993,-147.393,3,7,-2.1073,58.0,444.0,90.5,268.0,215.125
234,SMACross,11,19,0.1714,20.173,65,22,42,0.3385,357.7469,-136.472,2,7,-2.6214,38.0,448.0,189.0,476.0,287.75
235,SMACross,11,20,0.1114,20.0092,63,18,44,0.2857,400.4913,-131.3032,3,7,-3.0501,84.0,450.0,436.5,529.0,374.875
236,SMACross,11,21,0.165,16.5303,58,21,36,0.3621,357.0525,-151.608,4,6,-2.3551,48.0,515.0,108.5,401.0,268.125
237,SMACross,11,22,0.216,15.0147,52,18,33,0.3462,382.6078,-127.7872,3,7,-2.9941,20.0,529.0,154.0,524.0,306.75
238,SMACross,11,23,0.2207,15.0147,52,17,35,0.3269,411.533,-129.3448,2,5,-3.1817,15.0,527.5,227.5,532.0,325.5
239,SMACross,11,24,0.1729,15.0147,52,17,35,0.3269,396.6238,-138.7128,2,5,-2.8593,36.0,531.5,227.5,511.0,326.5
240,SMACross,11,25,0.2048,15.0147,51,18,32,0.3529,389.2538,-139.9408,2,4,-2.7816,21.0,526.0,131.5,505.0,295.875
241,SMACross,11,26,0.334,15.0147,47,17,29,0.3617,484.86,-137.4583,2,4,-3.5273,1.0,531.5,110.5,534.0,294.25
242,SMACross,11,27,0.2168,21.3965,47,17,30,0.3617,415.0546,-154.488,2,5,-2.6866,19.0,427.0,110.5,494.0,262.625
243,SMACross,11,28,0.1351,21.8769,46,15,31,0.3261,416.587,-154.9014,3,6,-2.6894,67.0,421.0,230.5,495.0,303.375
244,SMACross,11,29,0.111,25.1311,42,13,28,0.3095,449.5522,-169.8906,3,6,-2.6461,85.0,355.0,323.0,485.0,312.0
245,SMACross,11,30,0.0843,25.5293,41,13,27,0.3171,439.4129,-180.339,3,6,-2.4366,132.0,342.0,268.5,432.0,293.625
246,SMACross,11,31,0.0891,24.2442,39,13,25,0.3333,432.8852,-189.2785,2,5,-2.287,121.0,374.0,204.0,361.0,265.0
247,SMACross,11,32,0.1144,23.1953,41,12,28,0.2927,486.3181,-166.4798,2,7,-2.9212,83.0,392.0,406.0,518.0,349.75
248,SMACross,11,33,0.1163,22.538,40,13,26,0.325,441.6862,-174.8555,2,5,-2.526,81.0,409.0,236.5,456.0,295.625
249,SMACross,11,34,0.0589,25.4771,40,13,26,0.325,432.7693,-194.4285,2,5,-2.2259,176.0,345.0,236.5,325.0,270.625
250,SMACross,11,35,0.039,27.9168,39,12,26,0.3077,479.632,-207.4333,2,6,-2.3122,222.0,287.0,332.0,373.0,303.5
251,SMACross,11,36,0.0931,25.9612,39,13,25,0.3333,469.7323,-206.7104,3,6,-2.2724,113.0,334.0,204.0,350.0,250.25
252,SMACross,11,37,0.0676,26.9127,38,12,25,0.3158,506.0549,-216.3665,3,5,-2.3389,161.0,318.0,277.0,391.0,286.75
253,SMACross,11,38,0.0579,27.3206,38,12,25,0.3158,491.0223,-213.2825,3,5,-2.3022,181.0,303.0,277.0,367.0,282.0
254,SMACross,11,39,0.0768,26.4616,37,11,25,0.2973,513.6214,-195.5183,3,5,-2.627,144.0,324.0,378.5,478.0,331.125
255,SMACross,11,40,0.0628,26.2016,34,10,23,0.2941,565.4334,-219.2093,2,5,-2.5794,168.0,328.0,398.0,467.0,340.25
256,SMACross,11,41,-0.0877,35.1738,32,9,22,0.2812,553.5528,-266.0254,2,5,-2.0808,391.0,89.0,452.0,251.0,295.75
257,SMACross,11,42,-0.1021,34.9043,33,10,22,0.303,474.1962,-261.0407,2,5,-1.8166,408.0,97.0,351.0,134.0,247.5
258,SMACross,11,43,-0.0713,33.4956,32,10,21,0.3125,484.5976,-265.0211,2,5,-1.8285,377.0,143.0,299.5,141.0,240.125
259,SMACross,11,44,-0.0896,33.5852,31,11,19,0.3548,435.5769,-292.9721,3,4,-1.4868,395.0,140.0,128.0,41.0,176.0
260,SMACross,11,45,-0.0113,30.3042,31,11,19,0.3548,450.6443,-262.1695,3,4,-1.7189,302.0,230.0,128.0,103.0,190.75
261,SMACross,11,46,-0.0555,34.1899,31,11,19,0.3548,436.6893,-276.8118,3,5,-1.5776,363.0,117.0,128.0,58.0,166.5
262,SMACross,11,47,0.0156,29.5452,31,12,18,0.3871,414.6409,-262.6721,3,4,-1.5785,256.0,246.0,45.5,59.0,151.625
263,SMACross,11,48,-0.0743,33.3341,31,9,21,0.2903,512.5877,-249.8139,3,6,-2.0519,380.0,150.0,416.5,237.0,295.875
264,SMACross,11,49,-0.0185,30.0311,31,9,21,0.2903,531.4027,-232.2926,3,5,-2.2876,310.0,236.0,416.5,362.0,331.125
265,SMACross,11,50,-0.0241,29.7304,33,11,21,0.3333,424.9995,-229.8112,2,5,-1.8493,320.0,244.0,204.0,151.0,229.75
266,SMACross,12,17,0.0599,26.1102,87,29,57,0.3333,260.3702,-118.377,3,10,-2.1995,174.0,329.0,204.0,313.0,255.0
267,SMACross,12,18,0.1671,20.5731,76,25,51,0.3289,320.2496,-121.3274,3,7,-2.6395,44.0,442.0,220.5,481.0,296.875
268,SMACross,12,19,0.1498,17.784,69,22,46,0.3188,341.0901,-123.5667,2,7,-2.7604,57.0,500.0,263.0,502.0,330.5
269,SMACross,12,20,0.1608,17.1765,65,21,43,0.3231,356.9571,-128.0661,2,7,-2.7873,52.0,506.0,244.0,506.0,327.0
270,SMACross,12,21,0.1087,16.9683,61,18,42,0.2951,402.5834,-140.5355,2,7,-2.8646,91.0,511.0,392.0,512.0,376.5
271,SMACross,12,22,0.1941,15.0147,56,18,37,0.3214,443.0048,-151.8607,2,6,-2.9172,26.0,527.5,257.0,517.0,331.875
272,SMACross,12,23,0.2505,15.0147,48,19,29,0.3958,354.7075,-134.2447,3,5,-2.6422,9.0,530.0,36.0,483.0,264.5
273,SMACross,12,24,0.1796,15.0145,50,17,32,0.34,390.5913,-139.4423,2,5,-2.8011,31.0,533.0,180.5,508.0,313.125
274,SMACross,12,25,0.2463,15.7594,48,18,29,0.375,427.124,-161.0749,3,7,-2.6517,10.0,519.0,70.5,488.0,271.875
275,SMACross,12,26,0.2609,17.6658,44,14,29,0.3182,519.8816,-140.3234,2,5,-3.7049,7.0,501.0,264.5,536.0,327.125
276,SMACross,12,27,0.2202,21.3962,44,13,31,0.2955,558.151,-154.5962,2,6,-3.6104,16.0,428.0,389.5,535.0,342.125
277,SMACross,12,28,0.0783,25.1749,45,13,32,0.2889,442.1884,-154.1846,3,6,-2.8679,141.0,354.0,427.0,513.0,358.75
278,SMACross,12,29,0.0976,22.1048,44,12,31,0.2727,470.3032,-150.174,2,6,-3.1317,107.0,417.0,473.0,530.0,381.75
279,SMACross,12,30,0.0582,23.8911,43,13,29,0.3023,410.6658,-164.6733,3,6,-2.4938,180.0,380.0,356.5,447.0,340.875
280,SMACross,12,31,0.0988,23.0999,38,12,25,0.3158,479.3152,-190.037,2,5,-2.5222,101.0,397.0,277.0,454.0,307.25
281,SMACross,12,32,0.1172,23.1397,38,12,25,0.3158,493.2437,-188.5476,2,5,-2.616,80.0,394.0,277.0,474.0,306.25
282,SMACross,12,33,0.0983,24.0342,39,13,25,0.3333,452.2826,-195.3568,3,5,-2.3152,102.0,376.0,204.0,375.0,264.25
283,SMACross,12,34,0.0486,26.1072,39,12,26,0.3077,492.6927,-204.6287,2,6,-2.4077,199.0,330.0,332.0,423.0,321.0
284,SMACross,12,35,0.0797,25.4804,39,13,25,0.3333,481.1296,-213.1218,3,6,-2.2575,139.0,344.0,204.0,339.0,256.5
285,SMACross,12,36,0.0875,24.7056,39,14,24,0.359,440.2703,-214.6641,3,5,-2.051,127.0,366.0,115.5,236.0,211.125
286,SMACross,12,37,0.0318,26.078,39,12,26,0.3077,474.1427,-202.8606,3,5,-2.3373,235.0,332.0,332.0,388.0,321.75
287,SMACross,12,38,0.0434,24.9431,39,12,26,0.3077,462.1873,-192.6648,3,5,-2.3989,215.0,361.0,332.0,421.0,332.25
288,SMACross,12,39,-0.0024,27.3381,40,10,29,0.25,541.075,-184.3356,3,9,-2.9353,291.0,302.0,513.5,520.0,406.625
289,SMACross,12,40,-0.1131,34.9179,35,9,25,0.2571,557.8331,-240.415,2,8,-2.3203,418.0,95.0,505.5,376.0,348.625
290,SMACross,12,41,-0.1582,35.7887,33,9,23,0.2727,499.2242,-255.6716,2,7,-1.9526,461.0,71.0,473.0,186.0,297.75
291,SMACross,12,42,-0.1066,34.7963,34,9,24,0.2647,520.2481,-233.8632,2,7,-2.2246,410.0,103.0,494.5,324.0,332.875
292,SMACross,12,43,-0.1088,34.8214,34,9,24,0.2647,518.8305,-234.1984,2,7,-2.2153,412.0,102.0,494.5,317.0,331.375
293,SMACross,12,44,-0.0757,32.883,32,10,21,0.3125,467.5875,-253.4576,3,5,-1.8448,385.0,161.0,299.5,146.0,247.875
294,SMACross,12,45,-0.0513,30.7573,33,10,22,0.303,455.2253,-225.7879,3,5,-2.0162,357.0,217.0,351.0,219.0,286.0
295,SMACross,12,46,-0.1157,34.2907,33,10,22,0.303,439.1948,-245.6749,3,5,-1.7877,421.0,115.0,351.0,121.0,252.0
296,SMACross,12,47,-0.0058,28.0675,32,10,21,0.3125,459.231,-217.2239,3,6,-2.1141,297.0,286.0,299.5,272.0,288.625
297,SMACross,12,48,-0.0133,28.5026,32,12,19,0.375,411.9368,-262.4685,3,4,-1.5695,304.0,276.0,70.5,56.0,176.625
298,SMACross,12,49,-0.0056,28.8696,32,10,21,0.3125,465.7824,-220.2491,2,4,-2.1148,296.0,261.0,299.5,273.0,282.375
299,SMACross,12,50,-0.03,28.3336,30,9,20,0.3,487.2813,-229.7181,2,5,-2.1212,329.0,278.0,366.0,278.0,312.75
300,SMACross,13,18,0.1786,19.3934,81,28,53,0.3457,268.8407,-105.134,4,8,-2.5571,32.0,461.0,155.0,460.0,277.0
301,SMACross,13,19,0.1578,17.1613,74,23,51,0.3108,321.527,-111.4754,3,8,-2.8843,54.0,507.0,316.0,515.0,348.0
302,SMACross,13,20,0.1412,18.5363,64,19,45,0.2969,381.8605,-127.5296,2,7,-2.9943,61.0,488.0,385.0,525.0,364.75
303,SMACross,13,21,0.1705,15.3607,63,19,44,0.3016,408.8387,-134.3056,2,7,-3.0441,39.0,523.0,360.0,528.0,362.5
304,SMACross,13,22,0.18,16.7453,58,21,37,0.3621,358.9652,-150.444,3,6,-2.386,30.0,512.0,108.5,417.0,266.875
305,SMACross,13,23,0.1758,16.7453,54,20,34,0.3704,352.1705,-150.6359,3,5,-2.3379,33.0,513.0,87.0,389.0,255.5
306,SMACross,13,24,0.1625,18.6292,47,18,29,0.383,338.4819,-149.2481,3,5,-2.2679,51.0,482.0,52.5,347.0,233.125
307,SMACross,13,25,0.2246,18.6292,46,18,28,0.3913,380.9695,-154.9514,2,5,-2.4586,13.0,483.0,41.0,440.0,244.25
308,SMACross,13,26,0.2431,17.9404,45,17,28,0.3778,436.7894,-166.9289,2,4,-2.6166,11.0,498.0,62.5,475.0,261.625
309,SMACross,13,27,0.1094,23.0161,45,15,30,0.3333,412.6483,-167.7779,2,5,-2.4595,87.0,402.0,204.0,441.0,283.5
310,SMACross,13,28,0.1188,23.0161,44,15,29,0.3409,401.2274,-164.024,4,6,-2.4462,79.0,400.0,176.0,437.0,273.0
311,SMACross,13,29,0.1361,23.0161,42,17,25,0.4048,355.7832,-183.6321,5,5,-1.9375,65.0,401.0,26.0,179.0,167.75
312,SMACross,13,30,0.0668,24.4325,43,15,28,0.3488,373.2773,-175.3071,4,6,-2.1293,162.0,370.0,143.0,281.0,239.0
313,SMACross,13,31,0.1012,25.2354,39,13,25,0.3333,475.0375,-200.4738,3,5,-2.3696,98.0,352.0,204.0,406.0,265.0
314,SMACross,13,32,0.0952,25.259,38,13,24,0.3421,473.3225,-210.6963,3,5,-2.2465,110.0,351.0,171.0,334.0,241.5
315,SMACross,13,33,0.099,23.6907,38,13,24,0.3421,465.0573,-204.4533,3,5,-2.2746,99.0,384.0,171.0,352.0,251.5
316,SMACross,13,34,0.1058,23.0592,38,14,23,0.3684,433.7069,-211.1503,3,5,-2.054,93.0,399.0,93.5,238.0,205.875
317,SMACross,13,35,0.0968,22.7638,39,14,24,0.359,426.6407,-202.4182,3,5,-2.1077,108.0,407.0,115.5,270.0,225.125
318,SMACross,13,36,0.0378,23.8974,41,16,24,0.3902,336.4803,-204.3918,3,5,-1.6463,226.0,379.0,43.0,76.0,181.0
319,SMACross,13,37,-0.0017,24.7398,40,11,28,0.275,463.2383,-179.3989,2,6,-2.5822,289.0,364.0,468.0,468.0,397.25
320,SMACross,13,38,-0.1102,32.8619,39,10,28,0.2564,475.5667,-204.2473,2,8,-2.3284,414.0,162.0,509.0,382.0,366.75
321,SMACross,13,39,-0.1233,33.0773,39,10,28,0.2564,474.0124,-207.9009,2,7,-2.28,427.0,157.0,509.0,357.0,362.5
322,SMACross,13,40,-0.1559,35.3551,37,9,27,0.2432,536.2561,-232.0251,2,8,-2.3112,460.0,84.0,520.0,372.0,359.0
323,SMACross,13,41,-0.1115,34.8601,34,9,24,0.2647,511.3133,-235.4637,2,7,-2.1715,416.0,100.0,494.5,297.0,326.875
324,SMACross,13,42,-0.0982,34.2691,31,10,20,0.3226,436.8485,-264.8893,2,5,-1.6492,404.0,116.0,250.0,79.0,212.25
325,SMACross,13,43,-0.0928,34.1263,33,11,21,0.3333,403.2293,-253.1658,2,5,-1.5927,398.0,119.0,204.0,64.0,196.25
326,SMACross,13,44,-0.0937,33.3741,32,12,19,0.375,359.714,-273.9598,2,4,-1.313,399.0,147.0,70.5,17.0,158.375
327,SMACross,13,45,-0.0438,31.068,32,11,20,0.3438,412.0815,-247.7762,2,5,-1.6631,345.0,209.0,161.5,84.0,199.875
328,SMACross,13,46,-0.0607,34.0776,32,10,21,0.3125,459.3505,-246.5021,2,5,-1.8635,369.0,121.0,299.5,159.0,237.125
329,SMACross,13,47,0.0111,27.8733,33,11,21,0.3333,429.6613,-219.4587,3,4,-1.9578,263.0,289.0,204.0,192.0,237.0
330,SMACross,13,48,0.1244,18.7322,31,10,20,0.3226,492.4664,-179.6214,3,4,-2.7417,73.0,476.0,250.0,501.0,325.0
331,SMACross,13,49,0.1081,20.995,31,10,20,0.3226,502.0635,-193.5849,3,4,-2.5935,92.0,435.0,250.0,470.0,311.75
332,SMACross,13,50,0.0801,23.8658,31,10,20,0.3226,481.4577,-198.6715,3,5,-2.4234,138.0,381.0,250.0,426.0,298.75
333,SMACross,14,19,0.1603,14.6203,77,24,53,0.3117,309.5866,-107.3851,4,8,-2.883,53.0,535.0,309.0,514.0,352.75
334,SMACross,14,20,0.1381,16.3172,72,23,49,0.3194,321.7402,-120.789,3,7,-2.6637,64.0,516.0,260.5,491.0,332.875
335,SMACross,14,21,0.2184,14.3886,63,24,39,0.381,330.1923,-140.6149,3,7,-2.3482,18.0,536.0,55.5,396.0,251.375
336,SMACross,14,22,0.196,17.9397,59,22,37,0.3729,360.6867,-155.9507,3,6,-2.3128,25.0,499.0,78.0,374.0,244.0
337,SMACross,14,23,0.2208,17.9404,57,22,35,0.386,353.4917,-151.5948,3,6,-2.3318,14.0,495.0,48.5,385.0,235.625
338,SMACross,14,24,0.2039,17.9404,50,21,29,0.42,360.1773,-182.8267,3,5,-1.97,23.0,497.0,11.0,196.0,181.75
339,SMACross,14,25,0.2769,17.9404,45,18,27,0.4,436.0899,-172.5651,3,5,-2.5271,6.0,496.0,30.5,457.0,247.375
340,SMACross,14,26,0.1434,19.3623,45,18,27,0.4,343.6061,-171.9837,3,5,-1.9979,60.0,465.0,30.5,209.0,191.125
341,SMACross,14,27,0.1227,22.1456,41,16,25,0.3902,389.6268,-197.1546,3,5,-1.9763,74.0,416.0,43.0,200.0,183.25
342,SMACross,14,28,0.1029,23.1378,44,15,29,0.3409,400.2093,-169.6186,3,5,-2.3595,96.0,395.0,176.0,402.0,267.25
343,SMACross,14,29,0.0919,23.5619,42,18,24,0.4286,314.5139,-195.7895,4,4,-1.6064,115.0,387.0,8.0,66.0,144.0
344,SMACross,14,30,0.0912,22.7924,41,15,26,0.3659,380.5822,-182.8581,3,5,-2.0813,116.0,406.0,103.0,252.0,219.25
345,SMACross,14,31,0.059,24.9786,39,13,25,0.3333,430.0576,-195.5485,3,5,-2.1992,175.0,360.0,204.0,312.0,262.75
346,SMACross,14,32,0.0556,24.8865,38,14,23,0.3684,392.8413,-210.1541,3,5,-1.8693,190.0,362.0,93.5,160.0,201.375
347,SMACross,14,33,0.0941,22.8333,39,13,25,0.3333,436.8549,-183.7632,2,5,-2.3773,112.0,404.0,204.0,411.0,282.75
348,SMACross,14,34,0.0899,21.8951,38,13,24,0.3421,419.0033,-183.6996,2,5,-2.2809,119.0,420.0,171.0,358.0,267.0
349,SMACross,14,35,-0.0307,32.0131,39,13,25,0.3333,400.1806,-219.9515,2,5,-1.8194,330.0,185.0,204.0,135.0,213.5
350,SMACross,14,36,0.0398,25.0659,38,11,26,0.2895,476.5273,-185.7571,2,6,-2.5653,221.0,358.0,423.5,462.0,366.125
351,SMACross,14,37,-0.0828,31.6796,41,10,30,0.2439,483.2035,-187.374,2,6,-2.5788,389.0,195.0,517.0,466.0,391.75
352,SMACross,14,38,-0.0878,31.7609,40,10,29,0.25,485.5455,-196.214,2,8,-2.4746,392.0,191.0,513.5,445.0,385.375
353,SMACross,14,39,-0.1359,33.8477,40,9,30,0.225,509.8482,-195.1327,2,9,-2.6128,440.0,129.0,531.5,473.0,393.375
354,SMACross,14,40,-0.1481,35.1944,37,10,26,0.2703,467.0846,-232.3992,2,8,-2.0098,454.0,88.0,481.0,216.0,309.75
355,SMACross,14,41,-0.0904,34.6334,35,12,22,0.3429,391.7034,-252.6691,2,5,-1.5503,396.0,105.0,165.5,50.0,179.125
356,SMACross,14,42,-0.1281,35.9425,37,11,25,0.2973,401.3265,-224.4583,2,5,-1.788,432.0,67.0,378.5,123.0,250.125
357,SMACross,14,43,-0.104,34.859,35,10,24,0.2857,429.0031,-219.6607,2,7,-1.953,409.0,101.0,436.5,187.0,283.375
358,SMACross,14,44,-0.082,32.7891,34,10,23,0.2941,425.2859,-218.8941,2,6,-1.9429,388.0,166.0,398.0,182.0,283.5
359,SMACross,14,45,-0.0346,28.8631,31,10,20,0.3226,421.7509,-227.5614,2,5,-1.8534,337.0,262.0,250.0,154.0,250.75
360,SMACross,14,46,-0.0522,31.7498,31,10,20,0.3226,435.7656,-243.0026,2,5,-1.7933,358.0,192.0,250.0,126.0,231.5
361,SMACross,14,47,0.0979,17.2772,32,12,19,0.375,378.8224,-184.8038,2,4,-2.0499,105.0,505.0,70.5,235.0,228.875
362,SMACross,14,48,0.0632,20.6485,31,9,21,0.2903,493.4306,-180.1249,3,6,-2.7394,167.0,438.0,416.5,500.0,380.375
363,SMACross,14,49,0.0909,21.6153,31,9,21,0.2903,518.9613,-176.8045,2,7,-2.9352,117.0,423.0,416.5,519.0,368.875
364,SMACross,14,50,0.0858,23.4454,31,9,21,0.2903,507.9553,-174.7547,2,6,-2.9067,130.0,388.0,416.5,516.0,362.625
365,SMACross,15,20,0.1556,14.7422,75,27,48,0.36,294.2916,-130.4553,3,7,-2.2559,56.0,534.0,113.5,337.0,260.125
366,SMACross,15,21,0.174,15.6169,69,26,43,0.3768,313.285,-145.2262,3,6,-2.1572,34.0,521.0,65.0,290.0,227.5
367,SMACross,15,22,0.2037,17.0128,61,24,37,0.3934,344.155,-162.1724,3,5,-2.1222,24.0,510.0,38.0,279.0,212.75
368,SMACross,15,23,0.2936,17.0128,56,23,33,0.4107,385.8056,-165.4809,3,5,-2.3314,3.0,509.0,21.0,384.0,229.25
369,SMACross,15,24,0.2273,18.5799,56,22,34,0.3929,395.4279,-180.8157,3,5,-2.1869,12.0,485.0,39.0,305.0,210.25
370,SMACross,15,25,0.1625,18.5799,49,20,29,0.4082,337.7565,-172.0857,3,5,-1.9627,50.0,486.5,23.0,194.0,188.375
371,SMACross,15,26,0.1388,18.5799,45,17,28,0.3778,362.72,-167.0261,3,6,-2.1716,63.0,486.5,62.5,298.0,227.5
372,SMACross,15,27,0.075,22.269,44,17,27,0.3864,352.7307,-193.2307,3,5,-1.8254,148.0,413.0,47.0,140.0,187.0
373,SMACross,15,28,0.0833,22.6978,41,17,24,0.4146,341.294,-205.5339,3,5,-1.6605,135.0,408.0,17.0,83.0,160.75
374,SMACross,15,29,0.1017,22.4054,41,18,23,0.439,328.7656,-210.7457,3,4,-1.56,97.0,411.0,4.0,53.0,141.25
375,SMACross,15,30,0.0875,23.9342,40,15,25,0.375,388.7908,-196.679,2,4,-1.9768,126.0,378.0,70.5,201.0,193.875
376,SMACross,15,31,0.0501,24.3233,38,12,25,0.3158,447.4258,-193.9679,2,4,-2.3067,196.0,372.0,277.0,370.0,303.75
377,SMACross,15,32,0.0882,23.2654,37,13,23,0.3514,432.4965,-204.0562,2,5,-2.1195,124.0,391.0,136.0,276.0,231.75
378,SMACross,15,33,0.0869,21.465,38,13,24,0.3421,419.8832,-189.3462,2,5,-2.2175,129.0,425.0,171.0,318.0,260.75
379,SMACross,15,34,0.1301,19.8149,40,13,26,0.325,407.9178,-150.247,3,6,-2.715,70.0,455.0,236.5,498.0,314.875
380,SMACross,15,35,0.0027,29.3501,38,12,25,0.3158,437.6149,-208.7235,2,6,-2.0966,278.0,249.0,277.0,263.0,266.75
381,SMACross,15,36,0.0638,23.6675,37,11,25,0.2973,488.2943,-188.2547,2,6,-2.5938,165.0,385.0,378.5,471.0,349.875
382,SMACross,15,37,-0.0575,31.3707,37,11,25,0.2973,453.1368,-221.4934,2,6,-2.0458,366.0,200.0,378.5,231.0,293.875
383,SMACross,15,38,-0.101,33.2641,37,10,26,0.2703,474.1818,-219.1193,2,8,-2.164,407.0,151.0,481.0,293.0,333.0
384,SMACross,15,39,-0.0845,33.7962,41,11,29,0.2683,449.4827,-198.2562,2,7,-2.2672,390.0,130.0,486.5,346.0,338.125
385,SMACross,15,40,-0.1333,34.8888,38,10,27,0.2632,441.6564,-209.5949,2,6,-2.1072,438.0,98.0,498.5,267.0,325.375
386,SMACross,15,41,-0.1364,36.0427,38,12,25,0.3158,387.5233,-236.8026,2,5,-1.6365,441.0,64.0,277.0,72.0,213.5
387,SMACross,15,42,-0.1434,36.6007,34,9,24,0.2647,477.7818,-234.6161,2,6,-2.0364,446.0,50.0,494.5,227.0,304.375
388,SMACross,15,43,-0.1073,33.961,33,10,22,0.303,438.7409,-245.421,2,6,-1.7877,411.0,125.0,351.0,122.0,252.25
389,SMACross,15,44,-0.0767,30.6174,32,9,22,0.2812,473.6997,-227.0845,2,6,-2.086,386.0,225.0,452.0,257.0,330.0
390,SMACross,15,45,0.076,22.3099,31,9,21,0.2903,508.055,-179.8421,2,8,-2.825,146.0,412.0,416.5,509.0,370.875
391,SMACross,15,46,0.0978,20.2644,31,9,21,0.2903,493.0075,-162.0501,2,8,-3.0423,106.0,446.0,416.5,527.0,373.875
392,SMACross,15,47,0.076,21.1264,32,9,22,0.2812,494.9413,-166.3143,2,8,-2.9759,147.0,433.0,452.0,523.0,388.75
393,SMACross,15,48,0.0588,24.5576,31,8,22,0.2581,593.0224,-187.8224,2,7,-3.1574,177.0,368.0,504.0,531.0,395.0
394,SMACross,15,49,0.0093,25.9744,31,7,23,0.2258,647.0058,-192.6082,1,7,-3.3592,268.0,333.0,528.5,533.0,415.625
395,SMACross,15,50,0.0624,25.9167,32,9,22,0.2812,522.4331,-184.1525,3,7,-2.837,169.0,336.0,452.0,510.0,366.75
396,SMACross,16,21,0.1437,17.0797,70,26,43,0.3714,316.0914,-149.1097,4,6,-2.1199,59.0,508.0,82.0,277.0,231.5
397,SMACross,16,22,0.1835,16.2754,63,23,39,0.3651,358.7261,-154.5183,3,6,-2.3216,29.0,517.0,105.0,378.0,257.25
398,SMACross,16,23,0.3128,18.5799,58,23,35,0.3966,397.5843,-156.3519,3,6,-2.5429,2.0,484.0,33.5,458.0,244.375
399,SMACross,16,24,0.2901,19.0101,55,23,32,0.4182,387.7382,-173.5163,3,5,-2.2346,5.0,468.0,13.5,328.0,203.625
400,SMACross,16,25,0.219,18.7228,54,25,28,0.463,316.8791,-186.2166,3,5,-1.7017,17.0,480.0,1.0,96.0,148.5
401,SMACross,16,26,0.089,19.3911,49,18,30,0.3673,339.8722,-166.5161,3,6,-2.0411,122.0,463.0,96.0,229.0,227.5
402,SMACross,16,27,0.0667,23.4341,45,18,27,0.4,339.1908,-200.5753,4,4,-1.6911,163.0,390.0,30.5,93.0,169.125
403,SMACross,16,28,0.0569,23.9933,43,15,28,0.3488,390.0331,-188.0226,3,5,-2.0744,184.0,377.0,143.0,246.0,237.5
404,SMACross,16,29,0.0357,25.8166,41,16,25,0.3902,347.9132,-208.1194,4,6,-1.6717,230.0,337.0,43.0,89.0,174.75
405,SMACross,16,30,0.0367,25.3333,40,13,26,0.325,430.3053,-200.5213,3,6,-2.1459,227.0,349.0,236.5,289.0,275.375
406,SMACross,16,31,0.0609,24.3254,39,13,25,0.3333,423.4371,-194.796,2,5,-2.1737,172.0,371.0,204.0,299.0,261.5
407,SMACross,16,32,0.0399,24.5258,39,13,25,0.3333,404.8582,-193.9737,2,5,-2.0872,220.0,369.0,204.0,259.0,263.0
408,SMACross,16,33,0.0694,19.912,37,13,23,0.3514,390.5675,-189.2493,3,6,-2.0638,156.0,453.0,136.0,242.0,246.75
409,SMACross,16,34,-0.0536,28.5431,37,10,26,0.2703,489.2017,-208.0149,2,6,-2.3518,362.0,275.0,481.0,399.0,379.25
410,SMACross,16,35,-0.0703,29.5022,37,9,27,0.2432,547.2063,-207.332,2,6,-2.6393,376.0,247.0,520.0,480.0,405.75
411,SMACross,16,36,-0.0949,30.732,37,10,26,0.2703,475.5588,-217.5372,2,8,-2.1861,401.0,219.0,481.0,304.0,351.25
412,SMACross,16,37,-0.1596,35.2452,38,10,27,0.2632,459.9452,-224.7907,2,9,-2.0461,465.0,87.0,498.5,232.0,320.625
413,SMACross,16,38,-0.0941,34.0271,38,11,26,0.2895,433.0981,-217.5657,2,6,-1.9907,400.0,123.0,423.5,206.0,288.125
414,SMACross,16,39,-0.1137,35.8412,36,10,25,0.2778,466.3425,-229.3143,2,6,-2.0336,419.0,68.0,461.0,225.0,293.25
415,SMACross,16,40,-0.1934,37.422,40,9,30,0.225,489.7531,-205.3751,2,11,-2.3847,494.0,37.0,531.5,416.0,369.625
416,SMACross,16,41,-0.2285,39.177,40,12,27,0.3,352.6172,-232.2067,2,8,-1.5185,510.0,14.0,366.0,44.0,233.5
417,SMACross,16,42,-0.1547,36.4859,35,13,21,0.3714,349.294,-282.7344,3,6,-1.2354,459.0,51.0,82.0,7.0,149.75
418,SMACross,16,43,-0.1474,36.8143,31,9,21,0.2903,487.5805,-272.4657,2,7,-1.7895,453.0,47.0,416.5,124.0,260.125
419,SMACross,16,44,0.0153,25.4851,31,9,21,0.2903,515.7361,-211.5963,2,8,-2.4374,257.0,343.0,416.5,433.0,362.375
420,SMACross,16,45,-0.024,27.009,31,10,20,0.3226,425.3926,-222.4489,2,7,-1.9123,319.0,313.0,250.0,174.0,264.0
421,SMACross,16,46,0.0326,23.1904,29,10,18,0.3448,456.7234,-232.8275,2,6,-1.9616,233.0,393.0,158.5,193.0,244.375
422,SMACross,16,47,0.0425,25.0746,30,11,18,0.3667,430.748,-236.5945,2,6,-1.8206,218.0,357.0,99.5,136.0,202.625
423,SMACross,16,48,0.0506,27.2064,28,10,17,0.3571,495.7268,-258.3955,3,5,-1.9185,193.0,305.0,121.0,176.0,198.75
424,SMACross,16,49,0.0568,26.9239,29,11,17,0.3793,449.993,-254.0935,3,5,-1.771,185.0,317.0,60.5,115.0,169.375
425,SMACross,16,50,0.1091,23.5918,30,11,18,0.3667,434.6433,-198.878,3,6,-2.1855,89.0,386.0,99.5,303.0,219.375
426,SMACross,17,22,0.2929,16.2752,67,25,41,0.3731,374.5804,-138.5617,3,5,-2.7033,4.0,518.0,76.5,496.0,273.625
427,SMACross,17,23,0.2588,18.7229,62,26,36,0.4194,345.1075,-167.1854,3,4,-2.0642,8.0,477.0,12.0,244.0,185.25
428,SMACross,17,24,0.1352,18.7228,58,23,35,0.3966,313.846,-164.8667,3,6,-1.9036,66.0,481.0,33.5,170.0,187.625
429,SMACross,17,25,0.0925,18.7228,55,21,33,0.3818,323.7267,-169.7006,3,5,-1.9076,114.0,479.0,54.0,173.0,205.0
430,SMACross,17,26,0.0326,19.9584,54,19,34,0.3519,331.2956,-170.0407,4,8,-1.9483,232.0,452.0,134.0,184.0,250.5
431,SMACross,17,27,0.0005,27.1705,49,17,32,0.3469,327.687,-173.9247,3,7,-1.8841,282.0,306.0,150.5,165.0,225.875
432,SMACross,17,28,0.0036,26.3093,46,16,30,0.3478,361.2228,-191.4619,6,6,-1.8867,276.0,326.0,146.5,166.0,228.625
433,SMACross,17,29,-0.0272,26.2742,44,16,28,0.3636,330.4947,-198.4417,6,6,-1.6654,323.0,327.0,106.5,85.0,210.375
434,SMACross,17,30,0.0063,25.1162,40,14,25,0.35,392.6602,-217.1445,3,6,-1.8083,270.0,356.0,139.5,132.0,224.375
435,SMACross,17,31,0.0163,24.5649,41,14,26,0.3415,398.1795,-207.8444,2,5,-1.9158,255.0,367.0,174.0,175.0,242.75
436,SMACross,17,32,-0.019,24.1641,39,12,26,0.3077,405.7967,-194.3215,2,5,-2.0883,311.0,375.0,332.0,260.0,319.5
437,SMACross,17,33,-0.1443,33.1931,42,11,30,0.2619,408.0439,-194.2527,2,7,-2.1006,449.0,154.0,502.0,265.0,342.5
438,SMACross,17,34,-0.1232,32.0494,39,10,28,0.2564,482.4137,-213.5146,2,7,-2.2594,426.0,184.0,509.0,342.0,365.25
439,SMACross,17,35,-0.1792,33.8624,39,9,29,0.2308,497.3268,-210.7359,2,9,-2.36,484.0,128.0,527.0,403.0,385.5
440,SMACross,17,36,-0.1442,35.0102,39,11,27,0.2821,415.0346,-218.649,2,9,-1.8982,448.0,94.0,446.5,169.0,289.375
441,SMACross,17,37,-0.1674,37.398,38,10,27,0.2632,436.8609,-217.523,2,6,-2.0083,470.0,39.0,498.5,215.0,305.625
442,SMACross,17,38,-0.1826,38.8903,39,10,28,0.2564,444.9071,-217.2128,2,6,-2.0483,487.0,19.0,509.0,234.0,312.25
443,SMACross,17,39,-0.2173,37.6866,36,10,25,0.2778,420.1644,-244.8042,2,7,-1.7163,505.0,34.0,461.0,102.0,275.5
444,SMACross,17,40,-0.2262,39.5097,37,11,25,0.2973,386.0077,-249.4473,2,8,-1.5475,509.0,12.0,378.5,49.0,237.125
445,SMACross,17,41,-0.1719,37.2715,38,13,24,0.3421,342.593,-249.8571,2,5,-1.3712,476.0,43.0,171.0,22.0,178.0
446,SMACross,17,42,-0.169,37.7902,35,9,25,0.2571,489.9222,-237.1024,2,9,-2.0663,472.0,32.0,505.5,245.0,313.625
447,SMACross,17,43,-0.0639,28.7575,32,10,21,0.3125,433.5435,-234.0148,2,7,-1.8526,373.0,266.0,299.5,153.0,272.875
448,SMACross,17,44,-0.0956,31.799,31,9,21,0.2903,471.2449,-243.5056,2,7,-1.9353,403.0,190.0,416.5,177.0,296.625
449,SMACross,17,45,-0.0385,27.8937,32,10,21,0.3125,450.1432,-230.3822,2,7,-1.9539,342.0,288.0,299.5,188.0,279.375
450,SMACross,17,46,-0.0363,30.008,30,10,19,0.3333,475.7224,-266.9533,2,6,-1.782,338.0,238.0,204.0,119.0,224.75
451,SMACross,17,47,0.0432,25.6523,30,11,18,0.3667,428.8957,-235.0883,2,5,-1.8244,216.0,340.0,99.5,138.0,198.375
452,SMACross,17,48,0.0583,27.0996,28,9,18,0.3214,549.8293,-239.0408,3,6,-2.3001,179.0,309.0,257.0,365.0,277.5
453,SMACross,17,49,0.0681,26.9789,27,10,16,0.3704,469.1447,-246.2924,3,10,-1.9048,160.0,314.0,87.0,171.0,183.0
454,SMACross,17,50,0.1209,23.1295,29,9,19,0.3103,528.7001,-178.635,3,6,-2.9597,76.0,396.0,318.5,522.0,328.125
455,SMACross,18,23,0.0904,18.7228,68,28,39,0.4118,257.1036,-155.3907,3,4,-1.6546,118.0,478.0,19.5,81.0,174.125
456,SMACross,18,24,0.1192,17.9824,58,25,32,0.431,287.6718,-177.8418,4,4,-1.6176,78.0,493.0,6.0,68.0,161.25
457,SMACross,18,25,0.1153,17.9823,55,23,31,0.4182,303.7282,-178.3715,3,3,-1.7028,82.0,494.0,13.5,98.0,171.875
458,SMACross,18,26,0.0477,23.7239,54,20,33,0.3704,318.0743,-172.3831,4,7,-1.8452,201.0,383.0,87.0,147.0,204.5
459,SMACross,18,27,0.0044,26.6655,51,20,31,0.3922,309.8912,-198.523,5,6,-1.561,273.0,321.0,40.0,54.0,172.0
460,SMACross,18,28,-0.0023,28.5851,47,19,28,0.4043,296.0317,-201.7055,4,6,-1.4676,290.0,273.0,27.0,33.0,155.75
461,SMACross,18,29,-0.1164,35.0308,44,18,25,0.4091,298.9474,-258.9776,4,5,-1.1543,422.0,93.0,22.0,3.0,135.0
462,SMACross,18,30,-0.1302,35.388,43,16,26,0.3721,339.9186,-255.9371,3,5,-1.3281,433.0,83.0,80.0,19.0,153.75
463,SMACross,18,31,-0.1227,34.1281,42,14,27,0.3333,372.7653,-235.8706,3,5,-1.5804,425.0,118.0,204.0,61.0,202.0
464,SMACross,18,32,-0.1993,37.8267,40,14,25,0.35,329.5678,-255.4341,3,4,-1.2902,497.0,30.0,139.5,11.0,169.375
465,SMACross,18,33,-0.166,35.3498,39,11,27,0.2821,402.6005,-219.3097,2,5,-1.8358,467.0,85.0,446.5,143.0,285.375
466,SMACross,18,34,-0.1792,36.4467,42,10,31,0.2381,443.8584,-194.9501,2,10,-2.2768,485.0,53.0,523.0,355.0,354.0
467,SMACross,18,35,-0.1766,35.5641,40,9,30,0.225,474.9914,-195.2555,2,8,-2.4327,480.0,75.0,531.5,430.0,379.125
468,SMACross,18,36,-0.1752,36.1777,38,10,27,0.2632,428.0147,-216.7144,2,7,-1.975,477.0,60.0,498.5,198.0,308.375
469,SMACross,18,37,-0.1856,37.2495,38,9,28,0.2368,460.6314,-207.284,2,6,-2.2222,489.0,44.0,524.5,321.0,344.625
470,SMACross,18,38,-0.2156,38.8148,37,10,26,0.2703,409.6272,-230.7893,2,8,-1.7749,504.0,20.0,481.0,118.0,280.75
471,SMACross,18,39,-0.1946,38.0521,36,12,23,0.3333,363.1848,-264.825,2,7,-1.3714,495.0,28.0,204.0,23.0,187.5
472,SMACross,18,40,-0.1911,39.0998,35,12,22,0.3429,361.5927,-273.6728,2,7,-1.3213,491.0,16.0,165.5,18.0,172.625
473,SMACross,18,41,-0.2477,39.5228,36,9,26,0.25,448.639,-237.5746,2,10,-1.8884,511.0,11.0,513.5,167.0,300.625
474,SMACross,18,42,-0.1424,32.6382,35,10,24,0.2857,421.7688,-228.5034,2,9,-1.8458,445.0,171.0,436.5,148.0,300.125
475,SMACross,18,43,-0.1491,33.3551,34,8,25,0.2353,529.2471,-222.3439,2,9,-2.3803,455.0,149.0,526.0,415.0,386.25
476,SMACross,18,44,-0.1247,33.3851,33,9,23,0.2727,474.3555,-233.8867,2,8,-2.0281,429.0,146.0,473.0,221.0,317.25
477,SMACross,18,45,-0.0986,32.3444,32,10,21,0.3125,434.0489,-248.3823,2,8,-1.7475,405.0,177.0,299.5,112.0,248.375
478,SMACross,18,46,-0.0752,30.4965,31,10,20,0.3226,433.793,-249.8642,2,7,-1.7361,382.0,227.0,250.0,109.0,242.0
479,SMACross,18,47,-0.0528,30.1008,31,11,19,0.3548,398.7865,-254.4343,2,6,-1.5673,360.0,233.0,128.0,55.0,194.0
480,SMACross,18,48,-0.0159,28.2635,30,8,21,0.2667,511.7625,-199.1621,2,11,-2.5696,307.0,281.0,489.0,464.0,385.25
481,SMACross,18,49,-0.0062,28.1269,29,8,20,0.2759,516.3416,-206.129,2,9,-2.5049,298.0,285.0,466.0,451.0,375.0
482,SMACross,18,50,0.0896,24.2737,29,9,19,0.3103,496.1226,-181.6152,2,6,-2.7317,120.0,373.0,318.5,499.0,327.625
483,SMACross,19,24,0.1089,22.5195,67,25,42,0.3731,278.6982,-138.486,4,6,-2.0125,90.0,410.0,76.5,218.0,198.625
484,SMACross,19,25,0.1688,18.1882,57,25,31,0.4386,288.846,-166.908,4,6,-1.7306,42.0,492.0,5.0,107.0,161.5
485,SMACross,19,26,0.0622,24.9915,57,22,34,0.386,292.2682,-164.7419,4,6,-1.7741,170.0,359.0,48.5,117.0,173.625
486,SMACross,19,27,0.0504,26.8296,52,22,30,0.4231,276.3198,-185.3939,5,6,-1.4904,194.0,319.0,9.0,43.0,141.25
487,SMACross,19,28,-0.1779,38.5073,49,18,31,0.3673,282.4207,-216.5703,4,6,-1.3041,482.0,24.0,96.0,14.0,154.0
488,SMACross,19,29,-0.1469,38.0976,48,20,28,0.4167,264.3992,-237.6408,4,6,-1.1126,452.0,26.0,15.5,2.0,123.875
489,SMACross,19,30,-0.1317,35.5057,43,14,28,0.3256,362.0835,-223.7536,3,5,-1.6182,437.0,77.0,233.0,69.0,204.0
490,SMACross,19,31,-0.1631,37.3596,44,13,30,0.2955,384.7635,-215.6744,2,5,-1.784,466.0,41.0,389.5,120.0,254.125
491,SMACross,19,32,-0.1677,35.8369,41,11,29,0.2683,411.1006,-207.9076,2,5,-1.9773,471.0,69.0,486.5,202.0,307.125
492,SMACross,19,33,-0.1665,36.085,40,12,27,0.3,373.7791,-221.5907,2,8,-1.6868,468.0,63.0,366.0,92.0,247.25
493,SMACross,19,34,-0.169,37.3407,41,9,31,0.2195,500.4593,-194.2797,2,9,-2.576,473.0,42.0,535.0,465.0,378.75
494,SMACross,19,35,-0.1768,37.4109,44,9,34,0.2045,490.8428,-176.5363,2,9,-2.7804,481.0,38.0,536.0,504.0,389.75
495,SMACross,19,36,-0.1815,35.9928,41,10,30,0.2439,422.4148,-194.1851,2,7,-2.1753,486.0,66.0,517.0,300.0,342.25
496,SMACross,19,37,-0.193,38.0973,38,9,28,0.2368,463.1746,-209.5021,2,8,-2.2108,492.0,27.0,524.5,315.0,339.625
497,SMACross,19,38,-0.1932,39.0337,37,11,25,0.2973,407.0754,-247.0517,2,8,-1.6477,493.0,17.0,378.5,77.0,241.375
498,SMACross,19,39,-0.1314,34.3878,37,12,24,0.3243,388.0464,-242.74,2,8,-1.5986,436.0,112.0,239.5,65.0,213.125
499,SMACross,19,40,-0.1759,33.869,36,10,25,0.2778,420.26,-230.2489,2,10,-1.8252,479.0,127.0,461.0,139.0,301.5
500,SMACross,19,41,-0.1862,35.4205,37,10,26,0.2703,425.6711,-226.7993,2,8,-1.8769,490.0,81.0,481.0,162.0,303.5
501,SMACross,19,42,-0.142,32.2999,35,10,24,0.2857,425.944,-230.08,2,9,-1.8513,444.0,178.0,436.5,152.0,302.625
502,SMACross,19,43,-0.1782,35.2849,36,8,27,0.2222,515.4943,-211.0108,2,9,-2.443,483.0,86.0,534.0,435.0,384.5
503,SMACross,19,44,-0.1394,32.1995,33,11,21,0.3333,366.989,-249.0516,2,8,-1.4735,442.0,180.0,204.0,36.0,215.5
504,SMACross,19,45,-0.0674,28.7411,31,10,20,0.3226,418.8877,-236.2212,2,7,-1.7733,375.0,267.0,250.0,116.0,252.0
505,SMACross,19,46,-0.1127,31.8217,34,10,23,0.2941,402.877,-216.6857,2,7,-1.8593,417.0,189.0,398.0,156.0,290.0
506,SMACross,19,47,-0.0921,31.1755,32,9,22,0.2812,459.3691,-222.744,2,7,-2.0623,397.0,208.0,452.0,239.0,324.0
507,SMACross,19,48,-0.0504,27.8159,31,7,23,0.2258,558.2395,-186.1345,2,12,-2.9991,354.0,291.0,528.5,526.0,424.875
508,SMACross,19,49,-0.0027,26.5931,30,9,20,0.3,448.5737,-196.9831,2,5,-2.2772,292.0,322.0,366.0,356.0,334.0
509,SMACross,19,50,0.0171,25.1756,29,9,19,0.3103,458.4256,-201.4287,2,5,-2.2759,252.0,353.0,318.5,353.0,319.125
510,SMACross,20,25,0.1562,21.8985,61,27,34,0.4426,268.8534,-163.7689,4,8,-1.6417,55.0,419.0,3.0,75.0,138.0
511,SMACross,20,26,-0.0209,27.7996,58,22,36,0.3793,264.17,-167.1837,4,6,-1.5801,314.0,292.0,60.5,60.0,181.625
512,SMACross,20,27,-0.1448,36.4487,52,20,32,0.3846,278.6106,-216.2704,4,6,-1.2883,450.0,52.0,50.5,10.0,140.625
513,SMACross,20,28,-0.1307,37.7247,52,20,32,0.3846,272.0195,-208.3093,4,6,-1.3058,435.0,33.0,50.5,15.0,133.375
514,SMACross,20,29,-0.204,38.5709,50,20,30,0.4,246.2728,-225.6933,6,7,-1.0912,500.0,23.0,30.5,1.0,138.625
515,SMACross,20,30,-0.1138,35.0522,46,19,27,0.413,283.0753,-239.0366,3,7,-1.1842,420.0,92.0,18.0,5.0,133.75
516,SMACross,20,31,-0.1754,36.795,42,14,27,0.3333,356.9817,-242.5064,2,8,-1.4721,478.0,48.0,204.0,35.0,191.25
517,SMACross,20,32,-0.2174,38.3505,42,12,29,0.2857,391.7851,-227.5286,2,8,-1.7219,506.0,25.0,436.5,105.0,268.125
518,SMACross,20,33,-0.2155,38.6624,42,11,30,0.2619,423.3523,-217.9536,2,9,-1.9424,503.0,22.0,502.0,181.0,302.0
519,SMACross,20,34,-0.2024,38.9168,41,10,30,0.2439,486.8846,-221.4625,2,9,-2.1985,499.0,18.0,517.0,311.0,336.25
520,SMACross,20,35,-0.1452,32.7193,42,13,28,0.3095,366.2913,-216.1462,2,5,-1.6946,451.0,168.0,323.0,94.0,259.0
521,SMACross,20,36,-0.1401,33.1043,44,13,30,0.2955,344.828,-190.9633,2,7,-1.8057,443.0,155.0,389.5,130.0,279.375
522,SMACross,20,37,-0.1341,32.6627,39,10,28,0.2564,430.2251,-196.2708,2,8,-2.192,439.0,169.0,509.0,306.0,355.75
523,SMACross,20,38,-0.1274,31.9131,40,9,30,0.225,481.2862,-182.1857,2,8,-2.6417,430.0,187.0,531.5,482.0,407.625
524,SMACross,20,39,-0.1586,33.6057,38,11,26,0.2895,392.3431,-218.3018,2,8,-1.7973,462.0,137.0,423.5,128.0,287.625
525,SMACross,20,40,-0.1524,33.0886,36,11,24,0.3056,387.3487,-231.9986,2,8,-1.6696,458.0,156.0,345.5,87.0,261.625
526,SMACross,20,41,-0.2142,36.2104,36,9,26,0.25,441.1708,-223.0118,2,10,-1.9782,501.0,58.0,513.5,203.0,318.875
527,SMACross,20,42,-0.2007,35.6519,37,9,27,0.2432,440.8642,-210.5475,2,11,-2.0939,498.0,72.0,520.0,262.0,338.0
528,SMACross,20,43,-0.2151,36.1498,36,10,25,0.2778,414.5512,-239.2189,2,10,-1.7329,502.0,61.0,461.0,108.0,283.0
529,SMACross,20,44,-0.1179,32.1151,35,13,21,0.3714,322.6127,-247.4076,3,8,-1.304,424.0,183.0,82.0,13.0,175.5
530,SMACross,20,45,-0.1504,31.5944,34,10,23,0.2941,374.6815,-218.9535,2,8,-1.7112,456.0,196.0,398.0,101.0,287.75
531,SMACross,20,46,-0.11,32.2497,32,10,21,0.3125,408.9584,-239.0251,2,8,-1.7109,413.0,179.0,299.5,100.0,247.875
532,SMACross,20,47,-0.0669,29.8744,33,8,24,0.2424,514.4823,-193.6284,2,7,-2.6571,374.0,241.0,522.0,490.0,406.75
533,SMACross,20,48,-0.0573,30.1451,30,11,18,0.3667,369.3516,-250.1189,2,5,-1.4767,364.0,232.0,99.5,38.0,183.375
534,SMACross,20,49,-0.0457,28.5999,30,10,19,0.3333,397.4869,-226.4542,2,5,-1.7553,349.0,271.0,204.0,113.0,234.25
535,SMACross,20,50,0.0182,25.4166,29,10,18,0.3448,428.2941,-220.6803,2,5,-1.9408,250.0,346.0,158.5,180.0,233.625
